opportunity_id,journey_id,node_id,moment_ids,metric_ids,actor_outcome,problem,root_cause,root_cause_status,evidence_ids,evidence_status,expected_value,feasibility,dependencies,risk,decision,owner,status
OPP-0001,JRN-CUST-SAAS-ONBOARD-001,NOD-CUST-SAAS-ONBOARD-001-02-02,MTM-0002;MTM-0001,MET-0003;MET-0002,Admin's first real invoice posts to the books without being rejected,"Admins see their first real invoice rejected at posting: 125 of 321 first attempts (about 30 per 100 new accounts), Jan-May 2026",Automation: the auto-matcher assigns unmatched tax rates to the ledger's default code without flagging them (mechanism trace: 22 of 30 rejected postings),observed,EVD-2026-0003,observed,"Range 1 to 8 points on MET-0001 (reach x consequence, stats.md); the upper end assumes the correlational gap is causal",High: matcher rule change,"INI-0004 (MET-0016 baseline, due 2026-12-07); rollout limited to the two ledgers with a change feed",Admins see more unmatched items at connection; more work up front,sequence,"Product Manager, Accounting Integrations",accepted
OPP-0008,JRN-CUST-SAAS-ONBOARD-001,NOD-CUST-SAAS-ONBOARD-001-02-02,MTM-0002,MET-0015;MET-0003;MET-0008,"Admin gets an answer on mapping from the person who has the knowledge, without set-up stopping",Admins see their first real invoice rejected at posting after entering a mapping they could not confirm (8 of 30 traced rejections carried an admin-edited pair),"Policy: an adviser login costs a paid seat, so the accountant answers without access to the product or context",inferred,EVD-2026-0003;EVD-2026-0005;EVD-2026-0007;EVD-2026-0010;EVD-2026-0017,observed,0 to about 4 points on MET-0001; lower bound 0 because the external-accountant segment is unsized (EVD-2026-0018),Medium: needs a scoped no-seat access path,Segment size from INI-0004; prototype test with 8 accountants; Pricing and Packaging decision on adviser access,Wider access to customers' books; accountants may still not engage,investigate,"Product Manager, Accounting Integrations",accepted
OPP-0009,JRN-CUST-SAAS-ONBOARD-001,NOD-CUST-SAAS-ONBOARD-001-02-02,MTM-0002,MET-0015,Admin can see who holds an open mapping question and since when,Admins wait on mapping answers with no date and enter a guess that is later rejected at posting,Ownership and data: no record of an open mapping question and no role accountable for it (RACI check pending),hypothesis,EVD-2026-0005;EVD-2026-0003,observed,Medium: makes the pause visible and measurable (MET-0015),High once an owner is named,RACI check at the 2026-10-14 review,Low,investigate,Director of Customer Onboarding,draft
OPP-0002,JRN-CUST-SAAS-ONBOARD-001,NOD-CUST-SAAS-ONBOARD-001-03,MTM-0001,MET-0006;MET-0005,Admin can confirm that Ledgerly figures match the books before committing the team,Admins do not bring their team in: 42 per 100 new accounts send no invite within 30 days; admins describe holding the team until one invoice is proven by hand,"Data without its consumer: the connector holds the posting result, but nothing shows the admin the ledger entry next to the invoice",inferred,EVD-2026-0006;EVD-2026-0003;EVD-2026-0008,observed,"0 to about 8 points on MET-0001, overlapping OPP-0001; reach is the 78% of accounts that attempt a sync, of whom 61% succeed at the first attempt; consequence unmeasured, so the lower bound is 0 (stats.md)",High: data already returned by the connector,"INI-0004 (MET-0012 baseline, due 2026-12-07); MET-0005 baseline cut",Surfaces old mismatches; short-term ticket rise,sequence,Director of Customer Onboarding,accepted
OPP-0003,JRN-CUST-SAAS-ONBOARD-001,NOD-CUST-SAAS-ONBOARD-001-04,MTM-0001,MET-0001;MET-0005;MET-0002,Team can start invoicing while accounting set-up is still being confirmed,Admins do not bring their team in (42 per 100 new accounts send no invite within 30 days) while accounting set-up is unconfirmed,"System coupling: every sent invoice posts to the ledger immediately, so an unconfirmed mapping makes each teammate's invoice a possible mis-post",hypothesis,EVD-2026-0006;EVD-2026-0002;EVD-2026-0008,inferred,Potentially high; unmeasurable at small effect sizes (stats.md),Low until guardrails are measured,INI-0004 guardrail baselines,Mis-posted invoices in customers' books,sequence,Director of Customer Onboarding,accepted
OPP-0004,JRN-CUST-SAAS-ONBOARD-001,NOD-CUST-SAAS-ONBOARD-001-04-01,MTM-0003,MET-0014,Teammates start their first week with permissions that do not change under them,Teammates hit unexplained blocks after admins apply approval rules late,Leading candidate: the rules screen is only reached after invites are sent; alternatives are default permissions or admins not knowing rules exist,hypothesis,EVD-2026-0019;EVD-2026-0020,observed,Medium: 17% of tickets,Unknown until cause known,Two-week study; blueprint of episode 4.1,Stricter defaults could slow teams that do not need approvals,investigate,"Product Manager, Team and Permissions",draft
OPP-0005,JRN-CUST-SAAS-ONBOARD-001,NOD-CUST-SAAS-ONBOARD-001-02-02,MTM-0002,MET-0004;MET-0010,Admins blocked by mapping get expert help regardless of account size,Admins of accounts under 10 seats who ask for live help are declined (58 of 187 requests); accepted requests wait a median 6 business days,Policy: live help is allocated by seat count (10+) rather than by blocking risk,observed,EVD-2026-0009;EVD-2026-0010,observed,Medium; overlaps OPP-0008 and depends on how many sessions INI-0001 removes,Low this quarter: specialist capacity fixed at 6,INI-0001 effect on MET-0008,Cost-to-serve rise (MET-0010),investigate,Onboarding Operations Lead,draft
OPP-0006,JRN-CUST-SAAS-ONBOARD-001,NOD-CUST-SAAS-ONBOARD-001-04-02,,,Teammates receive their invitations,Stakeholder belief that invitations are caught by spam filters,Email deliverability (stakeholder candidate; contradicted by 84% acceptance),hypothesis,EVD-2026-0013,hypothesis,Low: the gap is invites not sent,High,,Diverts effort from the real constraint,deprioritize,Product Analytics Lead,rejected
OPP-0007,JRN-CUST-SAAS-ONBOARD-001,NOD-CUST-SAAS-ONBOARD-001-01,,MET-0007,Admins who have not started within the first week get going,11% of admins have no login within 7 days of signature,unknown,unknown,EVD-2026-0001;EVD-2026-0014,observed,Unknown: 45 of 412 accounts; their outcome not yet cut,Research feasible: signature-date analysis and phone recruitment,,Acting without a cause risks repeating the 2025 checklist result,investigate,Research Operations Lead,draft
